{
  "contamination": 0.05,
  "n_estimators": 100,
  "features": [
    "temperature",
    "vibration",
    "rpm",
    "power_output",
    "wind_speed",
    "pressure",
    "humidity"
  ],
  "scaler_mean": [
    25.823773930400364,
    0.5678820389245459,
    1792.0354445006792,
    2.104299940512554,
    12.750462127220352,
    997.7606490037235,
    65.28277697293366
  ],
  "scaler_scale": [
    5.785074234700483,
    0.3500076759040849,
    138.59654733319093,
    0.4983859288426058,
    4.795438453526072,
    86.54248285883601,
    11.116069892763178
  ]
}